,Baths,Beds,Garages,Lot_SqFt,Price,Square_Feet,Year_Built,Date_Sold,Days_On_Market
0,3.0,4,3,7518,800000,2350,1999,08/28/2023,47
1,3.0,4,3,8695,840000,2319,1996,08/28/2023,26
2,2.0,4,3,7932,685000,2002,1989,08/28/2023,25
3,2.0,3,2,5144,575000,1198,1993,08/28/2023,25
4,3.0,3,3,14651,840000,2306,1989,08/28/2023,33
5,3.0,5,3,7083,880000,3396,1999,08/28/2023,89
6,2.1,4,2,2849,635000,1856,2012,08/25/2023,82
7,2.0,3,1,0,422500,1265,2007,08/25/2023,49
8,2.0,4,0,7022,840000,1766,1890,08/25/2023,39
9,2.0,3,2,6821,587500,1272,1990,08/24/2023,33
10,3.0,4,2,5250,750000,2335,2019,08/23/2023,75
11,3.1,4,4,14152,1345000,3930,2007,08/23/2023,105
12,3.0,4,3,6826,790000,2129,1997,08/22/2023,39
13,2.1,4,3,16601,930000,2748,1991,08/22/2023,53
14,2.1,2,2,1501,500000,1501,2007,08/22/2023,54
15,2.0,3,2,6268,686000,1670,2004,08/21/2023,33
16,2.1,2,2,1111,410000,1019,1990,08/21/2023,173
17,2.1,4,3,8516,775000,2190,1998,08/21/2023,35
18,3.0,4,2,4700,695368,2278,2023,08/18/2023,136
19,2.0,4,3,6778,785000,2024,2006,08/18/2023,50
20,3.0,4,3,32432,1500000,4130,1991,08/18/2023,75
21,2.1,3,2,1567,465000,1267,2006,08/18/2023,81
22,1.0,1,1,0,212400,804,2007,08/17/2023,63
23,1.0,2,0,0,61000,600,1970,08/17/2023,48
24,3.0,5,3,15195,900000,2918,1989,08/17/2023,48
25,3.0,4,2,5837,760000,1992,1997,08/17/2023,39
26,3.0,4,3,29846,1355000,3261,1990,08/16/2023,47
27,3.0,4,3,15921,1280000,3139,2007,08/16/2023,74
28,3.1,4,3,15875,1500000,3576,2006,08/16/2023,137
29,2.0,3,2,3489,670000,2147,1983,08/14/2023,61
30,2.0,2,1,0,413000,1157,2007,08/11/2023,46
31,2.0,3,3,8281,835000,1687,2005,08/11/2023,40
32,2.0,2,1,0,439000,1340,2007,08/11/2023,62
33,3.0,4,2,4160,670000,2203,2013,08/11/2023,117
34,2.1,3,2,0,525000,1746,2007,08/10/2023,40
35,3.1,5,3,7009,1008000,3467,2020,08/10/2023,75
36,2.0,2,0,0,225000,1440,1979,08/10/2023,91
37,1.1,2,0,0,89900,680,1966,08/10/2023,61
38,2.0,2,2,4718,501000,1012,1998,08/09/2023,39
39,3.1,4,2,11838,960000,3177,2003,08/09/2023,82
40,3.0,5,3,7396,785000,3115,1998,08/09/2023,88
41,2.0,3,2,7536,450000,1145,1976,08/09/2023,31
42,2.0,2,1,0,425500,1340,2007,08/08/2023,53
43,1.1,3,1,7209,528500,1433,1950,08/08/2023,101
44,2.0,2,0,0,159000,888,2004,08/08/2023,137
45,2.1,4,2,11385,814950,2518,2023,08/08/2023,105
46,2.1,4,2,4883,775000,2588,2001,08/08/2023,110
47,2.0,2,1,44,409940,1031,2007,08/08/2023,88
48,2.1,3,3,11340,926000,2538,2002,08/07/2023,53
49,2.0,3,2,9043,616000,1194,1975,08/07/2023,48
50,3.0,4,2,3999,679000,2454,1990,08/07/2023,75
51,3.1,5,3,6826,1150000,3467,2021,08/07/2023,75
52,2.0,4,3,8899,700000,1939,1990,08/07/2023,62
53,2.0,2,2,4953,628495,1542,2023,08/06/2023,168
54,2.0,2,2,3616,547995,1420,2023,08/06/2023,343
55,2.0,3,3,8494,665000,1827,1993,08/04/2023,62
56,3.0,4,3,10123,960000,3367,1990,08/04/2023,103
57,2.0,3,2,4321,650000,1975,1987,08/04/2023,138
58,2.0,3,0,0,190000,1440,1977,08/03/2023,333
59,3.0,4,3,12474,1215000,3994,1990,08/03/2023,167
60,2.0,2,0,0,310000,1536,1978,08/03/2023,46
61,2.0,2,0,0,250000,1536,1973,08/03/2023,54
62,4.0,5,3,7948,1325000,3680,2022,08/02/2023,111
63,2.0,2,0,0,162500,1440,1973,08/02/2023,56
64,3.1,4,3,15377,1549000,4646,2006,08/02/2023,125
65,2.0,3,2,5053,556500,1300,1973,08/01/2023,53
66,3.0,4,2,9980,681000,1874,1970,08/01/2023,53
67,2.0,2,0,0,175000,1296,1977,08/01/2023,146
68,1.1,2,1,7457,520000,1430,1977,08/01/2023,72
69,3.0,5,3,11975,1350000,3183,1989,08/01/2023,45
70,2.1,3,2,2243,575000,1794,2020,08/01/2023,96
71,3.0,4,3,13199,950000,3189,1986,07/31/2023,74
72,2.0,3,3,13154,712000,1757,1990,07/31/2023,74
73,2.1,4,2,6845,804950,2518,2023,07/28/2023,138
74,3.0,4,3,7688,792000,2039,2000,07/28/2023,62
75,3.0,3,2,3999,621250,2113,1990,07/28/2023,98
76,2.1,4,3,7405,775000,2206,1993,07/26/2023,54
77,2.1,2,2,5615,640000,1673,1999,07/26/2023,67
78,3.0,5,2,4455,710000,2689,2023,07/25/2023,189
79,2.0,3,2,14515,625000,1155,1959,07/25/2023,89
80,2.1,3,2,6386,725000,2180,1998,07/25/2023,89
81,3.0,5,3,17508,965000,3360,2001,07/24/2023,69
82,2.0,3,3,12791,750000,1661,1996,07/24/2023,75
83,3.1,4,2,4635,713000,2190,2015,07/24/2023,60
84,2.1,3,2,3533,640000,1573,2004,07/21/2023,76
85,4.0,5,5,10598,1090000,3230,2005,07/21/2023,84
86,3.0,4,2,8642,808500,2249,2001,07/21/2023,60
87,3.0,4,3,9771,925000,2794,1989,07/21/2023,76
88,3.0,4,3,14923,850000,2426,1989,07/21/2023,70
89,2.0,2,1,0,405000,1029,2006,07/20/2023,60
90,2.0,3,2,8250,560000,1470,1959,07/19/2023,75
91,2.0,3,0,14560,625000,1053,1900,07/19/2023,78
92,3.0,4,3,4887,870000,2407,2021,07/19/2023,88
93,2.1,3,2,40325,925000,2159,1981,07/18/2023,62
94,2.0,3,2,6098,665000,1434,1999,07/18/2023,81
95,2.1,2,2,1111,425000,1019,1990,07/18/2023,84
96,2.1,3,2,3707,670000,1888,2013,07/17/2023,67
97,2.0,4,2,6033,718000,1899,1997,07/14/2023,74
98,1.0,2,1,6290,510000,981,1950,07/14/2023,138
99,3.0,4,3,8786,1000000,2889,2003,07/14/2023,83
100,2.1,2,2,4792,640000,1867,1990,07/14/2023,74
101,2.1,2,2,1111,465000,1019,1990,07/13/2023,109
102,2.0,2,2,0,495000,1728,2006,07/12/2023,125
103,3.0,4,3,7339,995000,3103,2018,07/11/2023,130
104,2.1,4,3,8133,862000,2680,1999,07/11/2023,88
105,2.1,3,2,4147,630000,1888,2014,07/11/2023,117
106,2.0,2,2,0,475000,1227,2007,07/11/2023,81
107,2.0,2,2,4740,512000,1398,2023,07/11/2023,180
108,2.0,4,2,7902,809000,1939,1990,07/11/2023,82
109,3.0,5,3,10565,1125000,3740,2001,07/10/2023,90
110,3.1,4,3,11838,970000,2478,1996,07/10/2023,76
111,1.0,1,0,0,348000,750,2007,07/10/2023,94
112,2.0,2,0,0,175000,1440,1977,07/10/2023,84
113,4.0,6,4,11385,1210000,4227,2001,07/10/2023,73
114,3.1,5,3,12972,1475000,3555,2002,07/10/2023,61
115,2.0,2,2,4946,668995,1596,2023,07/08/2023,180
116,2.1,2,2,7734,676495,1542,2022,07/08/2023,343
117,3.1,4,2,8268,1445000,3053,2023,07/07/2023,85
118,3.0,3,2,3598,618000,1822,1993,07/07/2023,332
119,2.1,4,2,16647,930000,2745,1979,07/07/2023,75
120,2.0,4,2,9209,755000,1878,2002,07/06/2023,75
121,3.0,4,3,7405,715000,1755,1993,07/05/2023,110
122,2.0,3,3,8925,734000,1876,1999,07/05/2023,83
123,2.0,3,3,6730,778888,1974,1999,07/05/2023,82
124,3.0,4,3,13018,815000,2745,1987,07/05/2023,152
125,3.0,4,3,8102,830000,2075,1990,07/05/2023,77
126,3.0,4,2,33430,1150000,3136,1987,07/03/2023,81
127,4.0,6,3,7767,970000,3132,1990,07/03/2023,84
128,3.0,6,3,8908,915000,3507,1999,07/03/2023,90
129,2.1,3,2,3899,587500,1330,1995,06/30/2023,110
130,1.0,3,0,6007,451000,1039,1955,06/30/2023,69
131,2.0,3,2,3803,575000,1921,1983,06/30/2023,124
132,3.0,4,2,3537,644000,2079,2014,06/29/2023,96
133,2.1,3,2,11657,875000,2438,2001,06/29/2023,102
134,3.0,4,3,8202,840000,2779,1990,06/29/2023,89
135,2.0,2,2,0,506000,1728,2006,06/29/2023,82
136,3.0,4,3,6991,890000,3134,1998,06/28/2023,116
137,2.0,3,2,5828,610000,1313,1994,06/28/2023,110
138,2.0,2,1,0,429000,1053,2007,06/28/2023,88
139,2.0,4,3,7614,815000,2043,2013,06/27/2023,105
140,2.0,2,2,0,515000,1313,2007,06/27/2023,102
141,3.0,4,2,10607,1799000,3475,2022,06/27/2023,110
142,3.1,5,3,10454,1180000,3269,1991,06/27/2023,104
143,2.0,3,3,10289,760000,1777,2013,06/26/2023,95
144,3.0,4,3,8908,930000,2337,2000,06/26/2023,88
145,2.0,3,2,0,455000,1267,2006,06/23/2023,111
146,2.1,3,2,3485,720000,1862,2019,06/23/2023,89
147,3.0,5,3,6077,1040000,3040,2014,06/23/2023,97
148,2.0,3,3,9200,705000,1757,1990,06/23/2023,103
149,2.1,3,3,6277,675000,1929,1997,06/22/2023,110
150,2.0,4,3,6826,750000,2006,1998,06/22/2023,90
151,3.0,4,3,5981,764900,2434,1997,06/21/2023,110
152,2.0,2,2,3803,615000,1484,2001,06/21/2023,99
153,2.0,3,2,8529,575000,1470,1977,06/21/2023,95
154,4.1,5,4,16420,1250000,5060,1991,06/21/2023,103
155,2.1,3,2,5750,802000,2436,2003,06/21/2023,106
156,2.0,3,2,5771,665000,1457,1994,06/21/2023,82
157,4.1,6,3,12882,1175000,4831,1991,06/21/2023,117
158,3.3,4,3,18642,1377777,4390,2005,06/20/2023,110
159,2.1,2,2,4156,631500,1867,1989,06/20/2023,95
160,2.0,2,0,0,395000,1077,2007,06/16/2023,109
161,2.0,2,0,0,190000,1224,1973,06/16/2023,119
162,2.0,2,2,3825,520000,1164,1997,06/16/2023,151
163,2.0,3,2,4726,679500,1784,2019,06/16/2023,111
164,3.0,4,3,6046,825000,2689,2004,06/16/2023,107
165,2.1,4,2,4250,793666,2444,2023,06/16/2023,179
166,3.0,3,2,4792,732000,2113,1990,06/16/2023,110
167,5.0,6,3,11975,1300000,4509,1993,06/16/2023,103
168,3.1,5,3,10123,1299000,4243,1998,06/16/2023,138
169,2.1,3,3,12156,750000,2588,1985,06/15/2023,96
170,2.1,3,2,4312,675000,1867,1990,06/15/2023,125
171,4.1,4,2,8344,1350000,3503,2023,06/14/2023,166
172,2.0,2,0,0,160000,1296,1977,06/13/2023,166
173,3.0,4,2,4250,802724,2611,2023,06/13/2023,130
174,2.0,4,2,6477,690000,1574,1996,06/12/2023,103
175,2.0,3,2,12247,650000,1406,1979,06/12/2023,104
176,3.1,4,3,5776,905000,2917,2019,06/12/2023,103
177,2.1,2,2,6017,808995,2128,2022,06/12/2023,343
178,3.0,3,3,15875,950000,2576,1996,06/12/2023,130
179,2.0,2,0,0,165000,1440,1973,06/09/2023,144
180,3.0,4,3,14696,1187000,3999,2004,06/09/2023,106
181,2.1,3,3,94802,1485000,2336,1976,06/09/2023,126
182,3.0,4,2,5123,745000,1851,2006,06/09/2023,118
183,3.1,4,3,12564,946000,3182,2001,06/08/2023,84
184,4.1,5,3,16284,2165000,4992,2023,06/07/2023,238
185,4.1,5,3,9649,1560000,4001,2021,06/07/2023,158
186,3.0,4,3,8934,784875,2452,1989,06/06/2023,144
187,2.1,4,3,6826,800000,2129,1997,06/06/2023,125
188,2.1,4,3,12882,740000,2763,1980,06/05/2023,124
189,2.1,4,3,16238,1025000,2912,1982,06/05/2023,130
190,2.0,3,2,5963,664500,1313,1995,06/02/2023,131
191,2.0,4,3,8276,756000,2023,1992,06/02/2023,117
192,2.0,4,2,10454,685000,2086,1999,06/02/2023,147
193,3.1,4,3,12201,1580000,3266,2023,06/02/2023,165
194,2.0,2,1,0,435000,1136,2007,06/02/2023,137
195,2.1,3,2,3093,530000,1439,1994,06/02/2023,147
196,3.0,4,3,17100,862000,2654,1983,06/02/2023,110
197,3.0,4,2,4687,777784,2404,2023,06/01/2023,131
198,2.0,2,2,2108,550000,1791,1979,05/31/2023,132
199,3.1,4,5,24040,1175000,3089,1974,05/31/2023,112
200,3.0,4,2,6438,805000,2322,2014,05/31/2023,131
201,4.2,5,3,9744,1665000,3570,2022,05/31/2023,131
202,3.0,4,2,8581,785000,1987,1986,05/31/2023,116
203,3.0,4,2,5040,740000,1851,2005,05/31/2023,124
204,2.0,3,2,4200,616392,1429,2023,05/30/2023,157
205,4.1,5,2,8608,1457820,3753,2020,05/30/2023,284
206,3.0,4,2,10698,858000,2576,1984,05/30/2023,139
207,2.0,3,2,5998,560000,1279,1987,05/30/2023,109
208,2.0,4,2,4850,628563,1685,2023,05/26/2023,157
209,2.0,3,2,7270,740000,1891,1987,05/26/2023,137
210,2.0,3,3,10080,725000,1767,1987,05/26/2023,166
211,3.0,4,3,13245,950000,2559,1986,05/26/2023,130
212,2.1,3,2,2451,525000,1381,1994,05/25/2023,137
213,2.1,4,3,6534,710000,2206,1993,05/25/2023,118
214,1.1,2,0,0,85000,960,1969,05/25/2023,186
215,2.1,3,2,6465,758809,2380,2023,05/25/2023,137
216,2.1,3,2,6465,758809,2190,2023,05/25/2023,138
217,2.0,3,0,0,113380,1152,1976,05/25/2023,225
218,2.1,4,2,7980,805000,2662,2020,05/24/2023,118
219,1.0,3,1,8272,497000,1032,1960,05/24/2023,123
220,2.0,3,2,6669,665000,1434,2002,05/24/2023,124
221,2.0,2,0,0,175000,1344,1979,05/24/2023,291
222,2.0,2,0,0,90000,1200,1971,05/24/2023,554
223,3.1,3,3,8608,1211534,2626,2023,05/23/2023,185
224,1.0,2,1,7000,665000,995,1955,05/23/2023,132
225,2.0,3,2,9178,440000,1346,1959,05/23/2023,137
226,3.0,3,2,2936,520000,1350,1995,05/23/2023,137
227,2.1,4,3,11884,1300000,3097,2004,05/23/2023,126
228,3.1,4,3,13381,1005000,3023,1987,05/22/2023,152
229,3.0,4,3,10289,830000,2383,1984,05/22/2023,131
230,1.0,1,0,0,350000,750,2006,05/22/2023,171
231,3.0,4,2,7479,935000,3063,2003,05/22/2023,125
232,2.0,4,2,5882,699000,1595,1999,05/22/2023,130
233,3.0,5,3,7261,815000,2968,1991,05/19/2023,137
234,2.0,3,2,4493,639786,1500,2023,05/19/2023,200
235,2.0,4,3,7527,838000,2270,2013,05/18/2023,131
236,3.1,4,3,18733,1738000,4016,2019,05/18/2023,138
237,3.0,5,4,8324,925000,2825,2004,05/18/2023,138
238,3.0,4,3,11793,1289500,2950,1988,05/17/2023,137
239,3.0,4,3,8276,799000,2256,1990,05/17/2023,146
240,2.0,3,2,3488,599000,2153,1984,05/17/2023,145
241,3.0,4,3,6652,940000,2689,2003,05/16/2023,132
242,2.0,3,2,4103,540000,1429,2023,05/15/2023,663
243,2.0,3,2,12201,800000,1734,1982,05/15/2023,131
244,2.0,2,0,0,165000,1440,1976,05/15/2023,229
245,2.0,2,1,0,450000,1427,2007,05/15/2023,133
246,2.1,4,2,6625,751275,2689,2023,05/12/2023,193
247,2.0,2,1,0,425000,1120,2007,05/12/2023,168
248,2.1,2,2,5623,796995,2012,2022,05/12/2023,288
249,3.0,4,3,7667,800000,2350,1999,05/12/2023,124
250,2.0,3,2,4050,582206,1429,2023,05/11/2023,183
251,2.0,3,2,4090,565000,1975,1987,05/10/2023,182
252,2.0,4,2,7632,680000,1939,1990,05/10/2023,137
253,2.0,3,2,5009,685000,1784,2019,05/10/2023,138
254,3.0,4,2,8276,735000,2130,1998,05/09/2023,131
255,2.1,3,2,6543,725000,2033,2004,05/09/2023,145
256,3.0,3,2,4617,626000,1721,1997,05/09/2023,137
257,2.1,3,2,2413,660000,2074,2017,05/09/2023,137
258,3.0,4,3,7588,830000,2453,1990,05/09/2023,132
259,2.1,4,3,8163,780000,2599,1991,05/08/2023,158
260,2.0,3,3,8146,759800,2017,2014,05/08/2023,139
261,2.1,2,2,4356,860000,2350,1996,05/08/2023,138
262,2.0,3,2,2657,565000,1912,1980,05/05/2023,168
263,2.1,3,2,5027,766000,2025,1994,05/05/2023,137
264,3.0,4,2,9601,715000,1834,1999,05/04/2023,152
265,3.0,3,3,7841,800000,2350,1999,05/04/2023,131
266,4.1,5,3,7187,1105000,3692,2003,05/04/2023,209
267,2.0,3,2,10785,660000,1806,1980,05/03/2023,255
268,3.0,4,2,6260,922500,2567,2002,05/03/2023,145
269,2.0,3,2,7505,705000,2090,2001,05/03/2023,180
270,2.0,3,2,4000,570000,1429,2023,05/02/2023,165
271,2.0,2,0,0,120800,1340,1970,05/02/2023,155
272,2.0,3,2,14106,808400,2360,1980,05/01/2023,138
273,2.0,2,0,0,230000,1440,1979,04/28/2023,214
274,2.0,3,0,9910,565000,1372,1960,04/28/2023,140
275,2.0,3,2,6098,709000,1773,2000,04/28/2023,145
276,3.0,4,3,12836,881000,2315,1992,04/28/2023,173
277,5.0,4,2,29801,1960000,4490,2019,04/28/2023,165
278,2.0,2,0,0,272000,1440,1971,04/28/2023,151
279,2.1,3,2,6129,672500,1771,2002,04/27/2023,195
280,2.0,4,2,7588,695000,1824,1985,04/26/2023,173
281,2.1,2,2,0,535000,1434,2005,04/26/2023,147
282,2.0,2,2,3929,485000,1012,2001,04/26/2023,158
283,2.0,3,2,5388,577000,1258,1995,04/24/2023,152
284,3.0,4,3,6739,800000,3154,1999,04/24/2023,151
285,2.0,6,1,9135,799000,2302,1990,04/24/2023,201
286,2.1,3,2,2587,625000,1935,2011,04/24/2023,279
287,3.0,4,2,6922,700000,2258,1987,04/24/2023,181
288,2.0,2,0,14288,650000,975,1926,04/21/2023,163
289,3.0,4,2,11430,779000,2338,1984,04/21/2023,214
290,3.0,4,2,8176,735000,2258,1989,04/21/2023,166
291,2.0,3,2,4726,621150,1344,2005,04/21/2023,159
292,2.1,3,5,24449,980000,2434,1984,04/20/2023,158
293,3.0,4,2,3598,659000,2105,2004,04/20/2023,151
294,2.0,2,2,0,480000,1313,2007,04/19/2023,171
295,1.0,1,1,0,337500,750,2007,04/19/2023,167
296,3.1,5,2,7057,990000,3310,2003,04/18/2023,187
297,2.1,4,3,6412,925000,3176,2006,04/18/2023,202
298,2.0,2,2,7971,685000,1803,2004,04/18/2023,158
299,3.0,3,2,8028,740000,2504,2005,04/18/2023,228
300,3.1,3,3,9265,1200000,2962,2005,04/17/2023,180
301,2.0,3,2,6199,625000,1327,2000,04/17/2023,160
302,2.0,3,3,9814,760000,1687,2005,04/17/2023,200
303,2.0,2,2,5981,545000,1245,1999,04/14/2023,186
304,2.0,3,3,8943,747000,2045,2000,04/14/2023,192
305,3.0,4,3,8002,780000,2452,1990,04/14/2023,235
306,2.0,2,2,0,475000,1314,2006,04/12/2023,166
307,2.0,3,2,5955,545000,1258,1995,04/12/2023,172
308,2.0,3,3,6939,680000,1968,1990,04/12/2023,187
309,2.0,2,0,0,90000,840,1982,04/10/2023,166
310,3.0,4,2,10128,775000,2125,1988,04/10/2023,151
311,2.1,2,2,2753,565000,1616,2017,04/10/2023,186
312,2.0,2,0,0,399000,1077,2007,04/10/2023,186
313,2.1,4,2,5519,830000,2638,2021,04/10/2023,225
314,2.0,3,2,7858,540000,1352,1992,04/10/2023,165
315,2.0,3,3,7823,740000,1710,1999,04/07/2023,159
316,3.0,4,2,3576,586000,2024,2020,04/06/2023,295
317,2.1,3,2,2261,605000,1717,2018,04/06/2023,172
318,2.1,4,2,14016,769000,2061,1981,04/06/2023,165
319,2.0,3,3,8268,675000,1757,1990,04/06/2023,166
320,3.1,4,2,5149,701000,2190,2015,04/06/2023,186
321,3.0,4,2,7231,800000,2568,2002,04/06/2023,342
322,3.0,4,2,5981,699950,1991,2022,04/05/2023,231
323,3.0,4,2,5255,750000,2410,2022,04/05/2023,324
324,2.0,3,3,9191,665938,1876,1998,04/05/2023,208
325,2.0,3,3,12655,710000,1968,1989,04/05/2023,181
326,2.0,2,0,0,204500,1856,1979,04/05/2023,200
327,4.0,6,3,24539,1495000,3740,2001,04/04/2023,201
328,2.0,3,2,8050,545000,1411,1986,04/04/2023,226
329,2.1,4,2,2744,660000,1963,2007,04/04/2023,215
330,2.0,3,2,11430,508000,1155,1959,04/04/2023,179
331,3.0,4,2,5789,935000,2634,2002,04/04/2023,166
332,2.0,4,2,13290,650000,2243,1981,04/04/2023,181
333,2.0,2,0,0,187800,1440,1974,04/03/2023,222
334,2.0,2,0,0,159000,1440,1978,04/03/2023,213
335,3.0,4,3,12791,915000,2780,2002,04/03/2023,214
336,2.0,2,2,4541,624584,1446,2023,04/03/2023,343
337,3.0,5,3,15240,960000,2926,1990,04/03/2023,183
338,3.0,5,2,4103,699919,2278,2023,03/31/2023,199
339,2.1,3,2,6660,830000,2278,2004,03/31/2023,173
340,2.1,4,2,6518,814472,2510,2023,03/30/2023,229
341,3.0,4,3,6826,835000,2365,1995,03/30/2023,173
342,2.0,3,2,5947,620000,1500,2023,03/30/2023,316
343,2.1,4,2,2800,550000,2102,2023,03/29/2023,221
344,3.0,4,2,4174,775873,2404,2022,03/29/2023,230
345,2.0,4,3,8712,791000,1787,1994,03/29/2023,173
346,3.0,4,3,8015,1050000,2721,2007,03/28/2023,195
347,2.0,3,2,8250,595000,1506,1984,03/28/2023,199
348,3.0,4,2,4992,750000,1922,2013,03/27/2023,193
349,2.0,2,1,0,408500,1157,2007,03/27/2023,219
350,3.0,4,3,6930,730000,2076,1986,03/27/2023,201
351,2.0,3,2,8716,589000,1421,1973,03/27/2023,211
352,3.0,4,3,8242,1290000,3236,2019,03/27/2023,195
353,3.0,3,2,6451,730000,1875,2020,03/24/2023,319
354,2.1,3,2,3820,585000,1633,2014,03/24/2023,215
355,1.0,1,0,6499,520000,560,1947,03/24/2023,182
356,2.1,4,2,4723,625000,2278,2023,03/23/2023,250
357,2.0,2,0,0,299000,1891,1979,03/23/2023,287
358,2.1,4,2,3062,590000,2102,2023,03/22/2023,319
359,2.0,3,2,7993,733325,2191,2021,03/22/2023,269
360,2.0,3,2,3485,510000,1130,1998,03/22/2023,195
361,2.0,3,3,7270,650000,1891,1987,03/22/2023,270
362,2.1,2,2,23405,855000,1886,1974,03/22/2023,187
363,2.0,2,2,4596,549000,1164,1999,03/21/2023,194
364,2.0,3,2,4983,525000,1207,1994,03/21/2023,188
365,3.0,5,3,16556,1175000,3999,2008,03/21/2023,217
366,4.1,5,2,9100,1415000,4444,2023,03/20/2023,204
367,2.1,4,2,14968,720000,2225,1986,03/20/2023,187
368,3.0,4,2,2705,597500,1918,2017,03/17/2023,271
369,2.1,3,2,4726,660000,1782,1995,03/16/2023,202
370,3.0,5,3,8276,730000,2930,1992,03/16/2023,281
371,2.1,3,2,3192,620000,1940,2022,03/14/2023,265
372,2.1,4,2,13744,860000,2370,2002,03/14/2023,194
373,2.1,4,2,13109,750000,2061,1981,03/13/2023,256
374,2.1,3,2,18189,620000,3280,1980,03/13/2023,432
375,2.1,2,2,5574,818495,2128,2022,03/13/2023,377
376,2.1,2,2,5019,689995,1563,2022,03/13/2023,343
377,2.0,3,2,5432,545000,1457,1994,03/10/2023,197
378,4.1,5,3,8385,1300000,3309,2022,03/09/2023,628
379,2.0,2,0,0,224000,1440,1974,03/09/2023,216
380,2.0,3,3,11884,760000,1884,1997,03/09/2023,194
381,2.1,4,3,6713,800000,2381,1998,03/09/2023,186
382,4.0,4,3,7370,945000,3449,2005,03/09/2023,200
383,2.1,4,2,5915,812000,2407,2002,03/08/2023,325
384,3.0,4,2,4726,690000,2335,2020,03/08/2023,461
385,2.0,4,3,8276,670000,1682,1993,03/08/2023,197
386,2.0,3,2,7261,633100,1724,1988,03/07/2023,195
387,2.0,4,2,5619,665000,1613,2008,03/07/2023,214
388,2.0,2,1,0,425000,1136,2007,03/06/2023,230
389,1.1,2,0,945,310000,1243,1983,03/06/2023,369
390,2.0,4,2,7166,650000,1878,2000,03/03/2023,341
391,2.1,3,2,2513,555000,1381,1993,03/02/2023,265
392,2.0,2,2,0,470000,1313,2004,03/02/2023,195
393,2.1,3,2,2156,655000,2074,2015,03/02/2023,216
394,2.0,2,0,0,169000,1344,1973,03/02/2023,241
395,1.0,2,0,0,75000,720,1970,03/01/2023,280
396,2.0,3,2,0,567000,1501,2005,03/01/2023,237
397,3.0,4,3,6652,775000,2426,1989,02/28/2023,235
398,3.0,4,2,5820,725000,2404,2023,02/28/2023,316
399,3.1,5,2,6974,825000,2942,2020,02/28/2023,223
400,2.0,3,2,6438,640000,1327,2000,02/28/2023,209
401,2.1,3,2,3120,558562,1832,2023,02/27/2023,369
402,2.1,3,3,11430,705000,2231,1983,02/27/2023,335
403,3.0,4,2,18234,825000,2365,1981,02/27/2023,208
404,3.0,4,3,6791,790000,2689,2003,02/27/2023,272
405,2.0,2,2,3929,540000,1285,1998,02/27/2023,229
406,3.0,4,2,3075,700000,2143,2022,02/27/2023,265
407,3.0,3,2,2362,572500,1878,2012,02/24/2023,316
408,3.0,3,2,8276,765000,2682,1999,02/23/2023,349
409,2.0,3,2,5924,701000,2090,2002,02/23/2023,208
410,2.1,4,2,9148,826000,2173,1988,02/23/2023,223
411,2.0,2,0,0,194000,1344,1977,02/22/2023,340
412,3.0,4,3,9148,760000,2427,1991,02/22/2023,362
413,2.0,3,2,5894,600000,1685,2023,02/21/2023,341
414,3.0,4,2,6495,700000,1851,2002,02/21/2023,306
415,2.0,3,3,6970,680000,1814,1992,02/21/2023,215
416,2.0,3,3,8224,678000,1997,1999,02/21/2023,266
417,2.1,4,2,6465,720000,2288,2023,02/17/2023,229
418,2.0,3,2,5275,595000,1457,1995,02/17/2023,223
419,2.1,4,3,7985,812500,2672,2000,02/17/2023,210
420,2.0,3,0,4678,545000,1363,1920,02/17/2023,282
421,2.0,3,3,8372,782000,2006,1999,02/16/2023,236
422,3.1,4,3,7227,1000000,3426,2003,02/16/2023,223
423,2.1,3,2,6580,851746,2190,2023,02/15/2023,229
424,2.1,4,2,13245,716000,2269,1990,02/15/2023,223
425,2.0,2,2,0,455000,1313,2005,02/14/2023,229
426,2.0,2,0,0,172500,840,2021,02/13/2023,216
427,2.1,3,2,2800,593562,1832,2023,02/09/2023,312
428,3.0,4,3,9701,675000,1987,1989,02/09/2023,221
429,2.0,4,2,9296,726000,2028,2000,02/09/2023,229
430,2.0,3,2,6878,670000,1773,2001,02/07/2023,231
431,2.0,2,2,0,511000,1728,2006,02/07/2023,229
432,2.0,3,2,5780,526000,1198,1993,02/07/2023,221
433,3.0,4,3,6935,795000,2295,1998,02/06/2023,234
434,2.0,2,2,3825,589000,1489,1998,02/06/2023,230
435,2.0,4,2,6591,610000,1878,2001,02/03/2023,231
436,2.0,3,3,11340,710000,1925,1991,02/02/2023,229
437,2.1,2,2,0,455000,1364,2005,02/01/2023,267
438,2.1,4,2,2800,550000,2102,2023,01/31/2023,221
439,3.0,4,2,4667,622990,2278,2023,01/31/2023,310
440,2.1,3,2,2570,637000,2153,1984,01/31/2023,258
441,2.0,3,3,6952,739000,1919,2013,01/30/2023,228
442,2.1,3,2,5545,760000,1771,2000,01/30/2023,229
443,3.1,5,3,6105,850000,3331,2022,01/29/2023,286
444,1.0,2,0,0,85000,702,1999,01/28/2023,297
445,2.0,3,2,8050,525000,1145,1977,01/27/2023,404
446,3.0,4,2,6812,770000,2770,2022,01/26/2023,269
447,2.0,3,2,4069,550000,1429,2023,01/24/2023,389
448,3.0,5,3,12156,910000,3210,1993,01/20/2023,237
449,3.1,4,3,19051,1440000,3568,2005,01/20/2023,239
450,2.0,2,0,0,175000,1650,1979,01/19/2023,232
451,2.1,2,2,5238,803689,1876,2022,01/18/2023,343
452,2.1,4,3,8712,765000,2710,1993,01/18/2023,349
453,2.0,2,0,0,119000,1536,1970,01/18/2023,444
454,3.0,4,2,8420,720000,2258,1988,01/17/2023,257
455,2.0,3,3,7658,695000,1798,1998,01/17/2023,347
456,2.0,3,2,5388,550000,1198,1993,01/17/2023,341
457,5.3,6,5,14243,2200000,6053,2023,01/13/2023,279
458,2.0,3,3,9352,815000,2300,2004,01/13/2023,265
459,3.0,3,2,10481,785000,2020,1995,01/13/2023,305
460,2.1,4,2,2609,585000,1930,2008,01/13/2023,341
461,2.1,3,3,9291,890000,2710,1994,01/13/2023,368
462,2.1,3,2,3120,560000,1654,2023,01/12/2023,284
463,2.0,2,2,3384,425000,1012,1997,01/12/2023,301
464,1.0,3,0,6007,400390,1039,1955,01/12/2023,295
465,3.0,3,2,6303,708252,2228,2022,01/10/2023,285
466,2.0,3,0,10228,420000,1149,1955,01/10/2023,270
467,3.0,4,3,9727,1123500,3246,1998,01/09/2023,334
468,3.0,5,2,21228,800000,2390,1986,01/09/2023,328
469,3.0,4,3,13335,745000,2270,1990,01/09/2023,305
470,2.0,4,3,8298,780000,2098,1997,01/09/2023,291
471,2.1,4,3,6904,675000,2381,2001,01/06/2023,376
472,3.1,4,4,11884,1080000,3404,1999,01/05/2023,280
473,4.2,5,3,9744,1440000,3570,2022,01/05/2023,340
474,2.0,3,2,7375,722000,2090,2002,01/05/2023,287
475,2.1,2,2,5300,779544,1925,2022,01/04/2023,343
476,3.0,4,5,36151,1400000,3776,1985,01/04/2023,252
477,2.1,4,2,8812,765377,2191,2022,01/03/2023,269
478,3.0,4,3,8647,960000,2956,2001,01/03/2023,267
479,3.1,4,2,9148,875000,2926,1992,01/03/2023,299
480,2.1,4,2,6518,775000,2370,2022,12/30/2022,324
481,3.0,4,3,8699,695000,2256,1989,12/30/2022,313
482,2.0,3,2,7065,568000,1204,1979,12/30/2022,269
483,2.0,3,2,7118,599000,1506,1999,12/30/2022,271
484,2.0,2,2,4876,600450,1398,2022,12/29/2022,304
485,2.0,2,0,0,140000,1060,1971,12/28/2022,339
486,2.0,2,0,0,295000,2040,1978,12/28/2022,361
487,4.1,4,4,14651,1130000,4546,1991,12/27/2022,436
488,3.0,4,3,7292,790000,3154,2001,12/27/2022,368
489,2.1,3,2,4447,575000,1677,1994,12/27/2022,433
490,3.0,4,2,2970,680000,2357,2022,12/27/2022,348
491,3.0,4,2,4000,753990,2611,2022,12/26/2022,330
492,3.0,4,2,5266,700000,2768,2019,12/23/2022,342
493,2.1,3,2,8150,590000,2213,2006,12/22/2022,337
494,3.0,3,2,6355,900000,2400,2018,12/22/2022,272
495,3.0,4,2,3655,650000,2157,2020,12/21/2022,286
496,2.1,4,3,17508,745000,2086,1983,12/20/2022,331
497,2.0,2,0,0,215000,1440,1973,12/19/2022,379
498,3.0,3,0,3511,560000,1718,2001,12/19/2022,300
499,3.0,4,3,12791,750000,2427,1990,12/19/2022,319
500,3.1,4,2,4255,630000,2143,2022,12/19/2022,299
501,2.1,5,3,14651,950000,3360,2000,12/15/2022,328
502,2.1,3,2,0,530000,1747,2005,12/15/2022,341
503,2.0,3,2,8751,515000,1195,1985,12/15/2022,280
504,2.0,2,0,0,210000,1776,1978,12/13/2022,440
505,2.0,3,2,6186,660000,2079,1991,12/12/2022,314
506,2.0,3,2,5271,590000,1327,1999,12/09/2022,341
507,3.0,4,2,12746,1475000,3084,2020,12/09/2022,293
508,3.0,4,2,6125,727000,1834,1999,12/09/2022,291
509,3.0,3,2,3389,565000,1709,1998,12/09/2022,354
510,2.1,3,2,2544,525000,1583,2016,12/09/2022,304
511,2.1,4,2,3293,635000,2335,2018,12/08/2022,417
512,2.0,3,1,5593,515000,1302,1954,12/08/2022,299
513,2.0,2,0,0,149500,1392,1970,12/08/2022,391
514,2.1,2,2,0,455000,1355,2005,12/07/2022,320
515,4.1,5,3,7919,1050000,3000,2020,12/07/2022,284
516,2.0,3,2,8133,720500,1793,1989,12/07/2022,311
517,2.0,2,2,8059,500000,1207,1995,12/05/2022,305
518,2.0,3,2,7998,595000,1458,2003,12/05/2022,339
519,2.1,4,3,7758,725000,2237,2000,12/05/2022,299
520,2.0,3,2,7100,715000,2082,2003,12/02/2022,361
521,2.1,3,2,3729,560000,1573,2004,12/02/2022,312
522,2.0,3,2,4948,560000,1352,1992,12/02/2022,432
523,3.1,4,3,7218,1060000,3426,2004,12/02/2022,326
524,3.0,4,2,7950,775000,1834,2000,12/02/2022,306
525,2.0,3,2,8468,715000,2090,2002,12/01/2022,438
526,3.0,4,2,4000,776500,2995,2022,11/30/2022,410
527,2.1,3,2,12065,725000,2495,1987,11/29/2022,383
528,3.0,5,2,5119,650000,2278,2022,11/28/2022,320
529,2.0,3,2,5824,602000,1313,1996,11/28/2022,326
530,2.0,4,2,7998,699000,2271,1991,11/28/2022,348
531,3.0,4,3,7131,725000,2214,1991,11/23/2022,411
532,2.0,4,2,19368,650000,2285,1987,11/23/2022,313
533,3.0,4,3,19731,1000000,2556,1993,11/23/2022,300
534,2.0,3,2,6939,815000,2278,2003,11/22/2022,335
535,2.0,3,2,6078,700000,2342,2022,11/22/2022,411
536,2.0,2,0,0,279000,1800,1978,11/22/2022,390
537,2.0,3,2,4250,623990,1429,2022,11/21/2022,340
538,2.0,3,2,4792,605000,1488,1995,11/21/2022,319
539,3.0,6,3,14515,1200000,3740,2002,11/21/2022,321
540,2.1,3,2,13744,650000,2028,1985,11/18/2022,326
541,2.0,2,0,0,166000,1440,1979,11/18/2022,328
542,3.0,4,3,7431,810000,2263,1989,11/18/2022,328
543,2.0,3,3,6865,640000,1472,1990,11/18/2022,355
544,1.1,3,2,7000,505000,1196,1959,11/17/2022,404
545,3.0,4,3,28168,809500,2950,1990,11/17/2022,320
546,2.1,5,2,18733,650000,2625,1980,11/17/2022,340
547,2.0,3,2,8716,435000,1421,1973,11/16/2022,375
548,2.0,4,2,7588,625000,1939,1990,11/15/2022,354
549,3.1,4,3,19096,1350000,3568,2005,11/15/2022,306
550,3.0,5,3,7623,805000,2812,1990,11/15/2022,395
551,2.1,3,2,4901,574900,1625,1995,11/15/2022,327
552,4.0,5,3,22226,1000000,4223,1989,11/14/2022,326
553,2.0,3,3,13290,751000,1757,1989,11/14/2022,327
554,2.0,3,2,7471,586500,1200,1985,11/10/2022,344
555,3.1,4,3,21183,1129000,4409,2004,11/10/2022,326
556,2.0,2,2,0,504000,1519,2006,11/10/2022,446
557,2.0,3,2,2970,620000,1895,2022,11/10/2022,411
558,2.0,4,3,8276,785000,1787,1993,11/10/2022,320
559,3.0,4,3,11793,905000,2835,1992,11/10/2022,450
560,2.1,4,3,8285,850000,2381,2000,11/10/2022,340
561,2.1,4,2,11975,685000,2185,1985,11/09/2022,369
562,2.1,4,3,8503,750000,2462,2006,11/09/2022,462
563,3.1,3,3,16964,1388000,3104,2018,11/09/2022,326
564,4.0,6,3,12610,824500,3268,1990,11/08/2022,390
565,2.0,2,2,3886,478000,1130,2002,11/07/2022,459
566,3.0,4,2,3293,715000,2409,2019,11/07/2022,355
567,2.0,3,3,10454,670000,1752,1992,11/07/2022,377
568,2.0,3,2,2800,585000,1832,2022,11/04/2022,341
569,3.0,4,3,11476,950000,2719,1996,11/04/2022,335
570,3.1,5,3,11521,1100000,3246,2013,11/03/2022,406
571,3.1,3,2,6560,740000,2350,2014,11/03/2022,339
572,3.0,4,3,5998,775000,2479,1991,11/02/2022,333
573,2.1,3,3,6011,625000,1710,1997,11/02/2022,320
574,3.0,5,3,8080,950000,2736,2004,11/02/2022,362
575,3.0,4,3,20774,1175000,3255,2002,11/02/2022,410
576,5.0,5,3,9649,1400000,3877,2022,11/02/2022,368
577,2.0,2,0,0,280000,2176,1979,11/02/2022,431
578,1.1,2,0,945,350000,1243,1983,11/01/2022,377
579,2.0,3,2,5375,680000,1779,2021,11/01/2022,410
580,2.0,4,2,9165,665000,1607,2002,11/01/2022,320
581,2.1,3,2,4992,655000,2203,2015,10/31/2022,379
582,2.1,3,2,15694,690000,1860,1990,10/31/2022,353
583,2.0,4,3,8446,722000,2043,2013,10/31/2022,347
584,3.0,5,2,17100,861500,3284,1974,10/28/2022,333
585,2.0,3,0,0,290000,1800,1973,10/28/2022,375
586,3.0,4,3,7745,725000,2620,1998,10/28/2022,334
587,3.0,3,2,4831,730000,2061,2014,10/28/2022,349
588,2.0,4,3,7396,725000,2015,1991,10/27/2022,326
589,3.1,3,3,11793,935000,2780,2019,10/27/2022,355
590,2.1,2,2,0,470000,1355,2004,10/27/2022,348
591,3.0,6,3,13471,1175000,3488,2001,10/26/2022,362
592,2.1,3,2,2884,590062,1832,2022,10/25/2022,491
593,2.0,3,2,8651,525000,1470,1979,10/25/2022,343
594,2.1,4,2,3036,620000,1938,2017,10/25/2022,334
595,2.0,4,2,11702,749000,2118,1964,10/24/2022,396
596,2.0,3,2,4596,532000,1245,1995,10/24/2022,474
597,2.0,3,2,7166,690000,1891,2020,10/24/2022,335
598,3.0,4,2,7492,790000,2258,1987,10/21/2022,354
599,2.0,4,2,6665,675000,1595,2000,10/21/2022,336
600,2.0,3,2,4726,518000,1198,1992,10/21/2022,369
601,2.1,2,2,6450,1077851,2441,2022,10/20/2022,470
602,3.0,5,3,12791,1000000,2634,1990,10/20/2022,334
603,2.0,3,3,11385,745000,1939,1988,10/20/2022,391
604,2.1,4,2,3231,740000,2102,2020,10/19/2022,425
605,3.0,4,2,3276,570000,1709,1997,10/19/2022,411
606,2.0,3,2,21047,670000,1698,1985,10/19/2022,349
607,4.0,5,3,16420,1050000,3721,2002,10/19/2022,382
608,2.0,3,2,8420,540000,1195,1985,10/18/2022,396
609,3.0,4,3,8712,912500,2427,1993,10/18/2022,423
610,3.0,4,3,7261,825000,2706,1990,10/18/2022,378
611,2.0,3,2,5746,649500,1313,1996,10/18/2022,362
612,3.1,5,2,4413,780000,2825,2015,10/18/2022,424
613,3.0,4,3,6347,830000,2736,2003,10/17/2022,389
614,3.0,4,3,7649,820000,2779,1990,10/17/2022,396
615,3.0,4,2,5933,740000,1851,2005,10/17/2022,376
616,4.1,5,2,5502,825000,2953,2022,10/17/2022,419
617,2.0,3,3,7754,725000,1687,2004,10/17/2022,343
618,3.0,4,3,12111,1000000,4068,2001,10/17/2022,383
619,4.0,5,3,17508,1250000,3478,2002,10/17/2022,347
620,2.1,3,2,0,559900,1501,2007,10/17/2022,349
621,2.0,4,2,7261,659900,1939,1990,10/17/2022,335
622,2.0,2,2,6803,723207,1542,2022,10/14/2022,470
623,3.0,4,3,8499,805000,2452,1989,10/14/2022,410
624,2.0,2,2,0,498350,1324,2011,10/14/2022,336
625,3.0,4,2,7918,735000,2231,1999,10/13/2022,431
626,2.0,2,0,0,159000,1248,1976,10/13/2022,348
627,2.1,3,2,3150,562990,1654,2022,10/11/2022,403
628,2.1,4,2,2800,658562,2102,2022,10/11/2022,376
629,2.0,3,3,6878,624100,1661,1998,10/11/2022,391
630,2.1,3,3,8172,845000,2480,2004,10/11/2022,355
631,2.0,2,2,3829,545000,1285,1997,10/11/2022,355
632,2.1,3,2,6107,750000,2287,2020,10/07/2022,376
633,2.0,3,3,7309,770000,1997,1998,10/07/2022,376
634,2.0,4,2,8080,500000,1345,1979,10/07/2022,455
635,2.0,3,2,4491,569000,1313,1994,10/06/2022,359
636,2.1,4,2,5628,660000,1858,1995,10/06/2022,406
637,2.1,3,2,6900,725000,2457,2004,10/06/2022,367
638,1.0,2,1,7000,625000,1159,1940,10/06/2022,342
639,2.0,2,2,5184,530000,1313,1995,10/05/2022,369
640,3.1,5,3,13744,1070000,3254,1989,10/05/2022,375
641,1.0,1,0,0,55000,612,1969,10/05/2022,370
642,3.1,4,3,5401,850000,2680,2021,10/04/2022,379
643,1.0,2,0,4761,405000,840,1960,10/04/2022,347
644,3.0,4,3,7275,750000,2295,1998,10/04/2022,368
645,3.0,4,3,6599,699999,2263,1990,10/03/2022,389
646,2.1,4,2,2810,660000,1935,2008,10/03/2022,376
647,2.0,2,2,5194,721390,1542,2022,09/30/2022,377
648,4.1,5,3,10138,1890000,4444,2022,09/30/2022,438
649,4.1,5,2,7800,1575000,3503,2019,09/30/2022,429
650,2.1,3,2,6107,778500,2287,2020,09/30/2022,405
651,2.0,2,2,3659,565000,1249,1994,09/30/2022,400
652,2.0,3,3,7762,715000,1687,2004,09/30/2022,378
653,2.1,3,2,6621,725000,2213,2006,09/30/2022,460
654,3.0,4,2,4267,775873,2404,2022,09/29/2022,410
655,2.0,3,2,4257,600000,1500,2022,09/29/2022,410
656,3.0,4,3,9666,750000,2456,1989,09/29/2022,452
657,3.1,4,3,7607,1415000,3000,2019,09/29/2022,429
658,5.0,5,3,9397,1399990,3877,2022,09/29/2022,413
659,3.0,4,2,3195,695400,2357,2022,09/29/2022,411
660,2.0,3,2,7985,700000,1753,2001,09/29/2022,369
661,4.0,4,3,8377,899000,2796,1998,09/29/2022,368
662,2.1,3,2,2800,600000,1832,2022,09/28/2022,389
663,3.0,4,2,4103,685902,2278,2022,09/28/2022,454
664,3.0,5,3,9069,955000,2585,1991,09/28/2022,363
665,2.0,3,3,8289,750000,1997,1999,09/27/2022,418
666,2.1,2,2,2526,579000,1381,1994,09/27/2022,411
667,2.1,3,2,3306,532500,1451,1998,09/26/2022,363
668,3.0,4,3,6826,950000,3134,2000,09/26/2022,467
669,3.0,4,3,5584,720000,2407,2022,09/26/2022,620
670,1.0,1,0,0,345000,750,2007,09/26/2022,417
671,2.0,2,2,5883,802467,1563,2022,09/23/2022,498
672,3.0,4,3,14968,1230000,3393,1998,09/23/2022,425
673,3.1,4,3,9926,1335490,2966,2022,09/23/2022,709
674,2.1,2,2,5225,869202,2128,2022,09/22/2022,382
675,2.0,3,2,7701,545000,1258,1979,09/22/2022,403
676,3.0,4,2,5357,720000,2335,2022,09/22/2022,385
677,2.1,3,2,3999,600000,1867,1990,09/22/2022,396
678,2.0,2,0,0,249500,1344,1988,09/21/2022,407
679,3.0,4,0,7000,875000,2114,1932,09/21/2022,433
680,1.0,3,0,7200,475000,1083,1951,09/20/2022,410
681,2.0,3,2,4295,589000,1975,1986,09/20/2022,382
682,3.0,3,2,6451,730000,1875,2020,09/19/2022,426
683,3.0,4,2,0,575000,1760,2009,09/19/2022,377
684,3.0,5,3,8063,868000,2450,1994,09/16/2022,433
685,3.0,4,3,9300,775000,2263,1990,09/16/2022,434
686,3.1,4,3,12201,1220000,2834,2022,09/16/2022,403
687,2.0,2,2,601927,490000,1519,2006,09/16/2022,411
688,4.0,5,3,10180,1110000,3487,2000,09/15/2022,377
689,3.0,3,2,50803,1060000,2160,1970,09/15/2022,397
690,2.0,3,2,8046,690000,1773,2001,09/15/2022,420
691,4.0,4,3,21546,1660000,3583,2022,09/14/2022,368
692,2.0,4,3,7148,800000,2098,1997,09/14/2022,383
693,3.0,4,2,5502,695000,1757,1993,09/14/2022,418
694,3.0,4,3,8499,820000,2452,1990,09/14/2022,412
695,2.0,3,2,5815,630000,1607,2002,09/14/2022,466
696,2.1,4,3,9004,775000,2039,2000,09/13/2022,390
697,2.1,4,2,4447,625000,1938,1994,09/13/2022,386
698,3.0,4,3,8002,775000,2781,1990,09/09/2022,403
699,2.1,2,2,0,499000,1434,2004,09/09/2022,391
700,3.0,4,4,22317,700000,2296,1976,09/09/2022,401
701,3.0,3,0,4805,695000,1754,1995,09/09/2022,397
702,2.0,3,2,5025,629950,1733,2022,09/08/2022,440
703,2.0,3,2,4940,595000,1488,1995,09/08/2022,432
704,3.0,4,3,7841,890000,2766,2004,09/08/2022,381
705,3.0,5,3,8263,850000,2500,1990,09/07/2022,438
706,3.0,4,3,8168,685000,2223,1990,09/07/2022,397
707,2.0,3,2,5227,697495,1468,2005,09/06/2022,396
708,3.1,3,3,8320,950000,2780,2019,09/06/2022,403
709,4.0,4,3,9230,875000,3499,2000,09/02/2022,431
710,3.0,4,2,5493,659000,1757,1992,09/02/2022,385
711,3.0,4,2,7819,855000,2945,2003,09/02/2022,418
712,1.0,1,0,0,325000,750,2007,09/02/2022,382
713,1.0,1,0,0,327900,750,2007,09/02/2022,383
714,2.1,3,2,2400,595000,1604,2005,09/02/2022,411
715,3.1,4,3,10873,1500000,4103,2004,09/01/2022,391
716,2.1,3,2,0,533000,1501,2005,09/01/2022,404
717,3.0,3,3,23814,1075000,3833,2002,09/01/2022,390
718,3.0,4,2,4356,725000,2588,2014,09/01/2022,453
719,2.0,3,2,4916,660375,1784,2022,08/31/2022,526
720,2.0,3,3,7440,610000,1472,1986,08/31/2022,397
721,2.1,3,2,2814,651000,1874,2013,08/31/2022,398
722,3.1,5,2,7322,1550000,3234,2019,08/31/2022,413
723,2.0,2,2,0,477000,1314,2006,08/31/2022,396
724,3.0,5,3,6599,785000,2730,1991,08/31/2022,461
725,3.1,5,8,12111,1250000,4216,2006,08/30/2022,441
726,2.1,4,3,18370,1125000,3102,1983,08/30/2022,417
727,3.0,4,2,4996,772000,2335,2019,08/30/2022,476
728,2.0,2,2,4356,558000,1245,1999,08/30/2022,389
729,3.0,3,2,4247,738517,2228,2022,08/30/2022,418
